township,county,population
Adams , Dallas ,1499
Adams , Delaware ,713
Adams , Keokuk ,400
Adams , Mahaska ,234
Adams , Wapello ,732
Adel , Dallas ,8344
Afton , Cherokee ,255
Afton , Howard ,860
Agency , Wapello ,1129
Albion , Butler ,2180
Albion , Howard ,367
Alden , Hardin ,1078
Algona city, Kossuth ,5487
Allen , Harrison ,147
Allen , Polk ,2995
Allen , Warren ,4646
Allens Grove , Scott ,961
Allison , Lyon ,307
Allison , Osceola ,141
Amaqua , Boone ,236
America , Plymouth ,11046
Amherst , Cherokee ,684
Amity , Page ,388
Amsterdam , Hancock ,795
Anderson , Mills ,409
Arcadia , Carroll ,766
Arlington , Woodbury ,2070
Armstrong Grove , Emmet ,1040
Ashton , Monona ,497
Athens , Ringgold ,382
Auburn , Fayette ,513
Audubon , Audubon ,185
Avery , Hancock ,309
Avery , Humboldt ,241
Badger , Webster ,1043
Baker , Guthrie ,215
Baker , O'Brien ,251
Baker , Osceola ,340
Baltimore , Henry ,899
Bangor , Marshall ,506
Banks , Fayette ,317
Banner , Woodbury ,1242
Barclay , Black Hawk ,426
Barnes , Buena Vista ,561
Barton , Worth ,202
Bath , Cerro Gordo ,274
Battle , Ida ,181
Bear Creek , Poweshiek ,1819
Bear Grove , Cass ,198
Bear Grove , Guthrie ,146
Beaver , Boone ,181
Beaver , Butler ,1323
Beaver , Dallas ,511
Beaver , Grundy ,533
Beaver , Guthrie ,578
Beaver , Humboldt ,298
Beaver , Polk ,3357
Bedford , Taylor ,1580
Belknap , Pottawattamie ,1599
Bellair , Appanoose ,464
Belle Plaine city, Benton ,2330
Bellevue , Jackson ,2974
Bellville , Pocahontas ,296
Belmond , Wright ,415
Belmont , Warren ,977
Belvidere , Monona ,206
Bennezette , Butler ,224
Bennington , Black Hawk ,486
Benton , Benton ,971
Benton , Cass ,163
Benton , Des Moines ,761
Benton , Fremont ,161
Benton , Keokuk ,999
Benton , Lucas ,406
Benton , Ringgold ,94
Benton , Taylor ,125
Benton , Wayne ,171
Bertram , Linn ,2430
Bethel , Fayette ,257
Big Creek , Black Hawk ,2544
Big Grove , Benton ,215
Big Grove , Johnson ,4983
Bingham , Hancock ,364
Black Hawk , Black Hawk ,2933
Black Hawk , Grundy ,1878
Black Hawk , Jefferson ,327
Black Oak , Mahaska ,715
Blaine , Ida ,457
Blaine , Wright ,648
Blairsburg , Hamilton ,288
Bloomfield city, Davis ,866
Bloomfield , Clinton ,34265
Bloomfield , Polk ,490
Bloomfield , Winneshiek ,2682
Bloomington , Decatur ,221
Bloomington , Muscatine ,24564
Blue Grass , Scott ,3552
Bluff Creek , Monroe ,251
Bluffton , Winneshiek ,424
Boardman , Clayton ,1576
Bonaparte , Van Buren ,553
Boomer , Pottawattamie ,688
Boone , Dallas ,31798
Boone , Hancock ,152
Boone , Wright ,144
Booth , Palo Alto ,89
Boulder , Linn ,472
Boyer , Crawford ,180
Boyer , Harrison ,1989
Boyer Valley , Sac ,760
Bradford , Chickasaw ,2065
Brandon , Jackson ,247
Bremen , Delaware ,1000
Brighton , Cass ,282
Brighton , Washington ,817
Bristol , Greene ,213
Bristol , Worth ,439
Britt , Hancock ,2233
Brooke , Buena Vista ,137
Brookfield , Clinton ,317
Brookfield , Worth ,243
Brown , Linn ,2068
Bruce , Benton ,268
Buchanan , Jefferson ,515
Buchanan , Page ,216
Buckeye , Hardin ,242
Buckingham , Tama ,267
Buena Vista , Clayton ,291
Buena Vista , Jasper ,608
Buffalo , Buchanan ,435
Buffalo , Kossuth ,695
Buffalo , Linn ,499
Buffalo , Scott ,4965
Buffalo , Winnebago ,1043
Buncombe , Sioux ,2182
Burlington city, Des Moines ,23982
Burnside , Webster ,327
Burr Oak , Mitchell ,206
Burr Oak , Winneshiek ,462
Burrell , Decatur ,281
Burt , Kossuth ,667
Butler , Butler ,1567
Butler , Calhoun ,713
Butler , Jackson ,358
Butler , Scott ,3767
Byron , Buchanan ,990
Caldwell , Appanoose ,448
Caledonia , O'Brien ,206
Calhoun , Calhoun ,123
Calhoun , Harrison ,358
Calmar , Winneshiek ,1981
Camanche , Clinton ,4744
Cameron , Audubon ,92
Camp , Polk ,2253
Canaan , Henry ,358
Canoe , Winneshiek ,512
Canton , Benton ,843
Capel , Sioux ,459
Carl , Adams ,147
Carlton , Tama ,830
Carroll city, Carroll ,394
Carroll , O'Brien ,196
Carroll , Tama ,10321
Carson , Pottawattamie ,924
Cascade , Dubuque ,1234
Cass , Boone ,612
Cass , Cass ,591
Cass , Cedar ,368
Cass , Clayton ,1542
Cass , Guthrie ,2446
Cass , Hamilton ,365
Cass , Harrison ,264
Cass , Jones ,676
Cass , Shelby ,414
Cass , Wapello ,192
Castle Grove , Jones ,342
Cedar Falls city, Black Hawk ,305
Cedar Falls , Black Hawk ,40713
Cedar Rapids city, Linn ,137710
Cedar , Benton ,530
Cedar , Black Hawk ,1531
Cedar , Calhoun ,300
Cedar , Cherokee ,347
Cedar , Floyd ,353
Cedar , Greene ,144
Cedar , Jefferson ,502
Cedar , Johnson ,545
Cedar , Lee ,329
Cedar , Lucas ,272
Cedar , Mahaska ,979
Cedar , Mitchell ,636
Cedar , Monroe ,140
Cedar , Muscatine ,228
Cedar , Pocahontas ,748
Cedar , Sac ,450
Cedar , Van Buren ,341
Cedar , Washington ,289
Centennial , Lyon ,276
Center Grove , Dickinson ,8892
Center , Allamakee ,324
Center , Calhoun ,1232
Center , Cedar ,4042
Center , Clinton ,571
Center , Decatur ,270
Center , Dubuque ,3003
Center , Emmet ,237
Center , Fayette ,275
Center , Henry ,1100
Center , Jefferson ,1181
Center , Mills ,864
Center , Monona ,123
Center , O'Brien ,362
Center , Pocahontas ,1908
Center , Pottawattamie ,192
Center , Shelby ,455
Center , Sioux ,388
Center , Wapello ,26872
Center , Winnebago ,2479
Centerville city, Appanoose ,5412
Chariton city, Lucas ,202
Chariton , Appanoose ,4193
Charles City city, Floyd ,7396
Charleston , Lee ,694
Charter Oak , Crawford ,695
Chequest , Van Buren ,283
Cherokee , Cherokee ,5860
Chester , Howard ,259
Chester , Poweshiek ,304
Chickasaw , Chickasaw ,697
Cincinnati , Harrison ,193
Clark , Tama ,1491
Clay , Clay ,518
Clay , Grundy ,1485
Clay , Hardin ,519
Clay , Harrison ,97
Clay , Jones ,207
Clay , Marion ,927
Clay , Polk ,21568
Clay , Shelby ,860
Clay , Washington ,236
Clay , Wayne ,190
Clay , Webster ,268
Clayton , Clayton ,330
Clayton , Taylor ,82
Clear Creek , Jasper ,464
Clear Creek , Johnson ,8746
Clear Creek , Keokuk ,212
Clear Lake city, Cerro Gordo ,1537
Clear Lake , Cerro Gordo ,604
Clear Lake , Hamilton ,7687
Cleona , Scott ,419
Clermont , Fayette ,829
Cleveland , Davis ,754
Cleveland , Lyon ,390
Clinton city, Clinton ,851
Clinton , Linn ,141
Clinton , Ringgold ,159
Clinton , Sac ,99
Clinton , Wayne ,24469
Coffins Grove , Delaware ,616
Coldwater , Butler ,1286
Colfax , Boone ,693
Colfax , Dallas ,551
Colfax , Grundy ,587
Colfax , Page ,185
Colfax , Pocahontas ,168
Colfax , Webster ,285
College , Linn ,712
Collins , Story ,803
Colony , Adams ,169
Colony , Delaware ,723
Columbia , Tama ,317
Columbia , Wapello ,971
Columbus City , Louisa ,2791
Competine , Wapello ,253
Concord , Dubuque ,828
Concord , Hancock ,3343
Concord , Hardin ,347
Concord , Louisa ,688
Concord , Woodbury ,1146
Concordia , Des Moines ,637
Cono , Buchanan ,321
Cook , Sac ,145
Coon , Buena Vista ,167
Coon Valley , Sac ,177
Cooper , Monona ,707
Cooper , Webster ,454
Corinth , Humboldt ,332
Corwin , Ida ,2290
Corydon , Wayne ,1731
Cox Creek , Clayton ,345
Crawford , Madison ,745
Crawford , Washington ,624
Crescent , Pottawattamie ,1137
Cresco , Kossuth ,861
Creston city, Union ,7536
Crocker , Polk ,65058
Crystal , Hancock ,435
Crystal , Tama ,211
Cummins , Pocahontas ,254
Dahlonega , Wapello ,664
Dakota City city, Humboldt ,759
Dale , Lyon ,197
Dale , O'Brien ,409
Dallas , Dallas ,319
Dallas , Marion ,1568
Dallas , Taylor ,606
Danville city, Des Moines ,789
Danville , Des Moines ,375
Danville , Worth ,927
Davenport city, Scott ,101724
Dawson , Greene ,155
Dayton , Bremer ,350
Dayton , Butler ,277
Dayton , Cedar ,1263
Dayton , Chickasaw ,1735
Dayton , Iowa ,219
Dayton , Webster ,1122
Dayton , Wright ,349
Decatur , Decatur ,384
Decorah , Winneshiek ,9484
Deep Creek , Clinton ,699
Deep River , Poweshiek ,410
Deer Creek , Mills ,184
Deer Creek , Webster ,407
Deer Creek , Worth ,166
Deerfield , Chickasaw ,490
Delana , Humboldt ,484
Delaware , Delaware ,6187
Delaware , Polk ,9758
Delaware , Sac ,236
Delhi , Delaware ,957
Denison , Crawford ,8753
Denmark , Emmet ,443
Denmark , Lee ,777
Des Moines , Boone ,13384
Des Moines , Dallas ,1600
Des Moines , Jasper ,2304
Des Moines , Jefferson ,303
Des Moines , Lee ,674
Des Moines , Pocahontas ,117
Des Moines , Polk ,102689
Des Moines , Van Buren ,281
DeWitt , Clinton ,6834
Diamond Lake , Dickinson ,237
Diamond , Cherokee ,158
Dodge , Boone ,548
Dodge , Dubuque ,1441
Dodge , Guthrie ,446
Dodge , Union ,208
Doon , Lyon ,1124
Dougherty , Cerro Gordo ,217
Douglas , Adams ,141
Douglas , Appanoose ,185
Douglas , Audubon ,187
Douglas , Boone ,2594
Douglas , Bremer ,359
Douglas , Clay ,165
Douglas , Harrison ,157
Douglas , Ida ,197
Douglas , Madison ,543
Douglas , Mitchell ,276
Douglas , Montgomery ,243
Douglas , Page ,188
Douglas , Polk ,10176
Douglas , Sac ,124
Douglas , Shelby ,263
Douglas , Union ,659
Douglas , Webster ,1033
Dover , Fayette ,470
Dover , Pocahontas ,174
Doyle , Clarke ,297
Drakesville , Davis ,459
Dresden , Chickasaw ,678
Dubuque city, Dubuque ,7865
Dubuque , Dubuque ,59667
Dutch Creek , Washington ,275
Eagle Grove , Wright ,3889
Eagle , Black Hawk ,459
Eagle , Kossuth ,120
Eagle , Sioux ,307
East Boyer , Crawford ,413
East Des Moines , Mahaska ,297
East Holman , Osceola ,1180
East Lancaster , Keokuk ,105
East Lincoln , Mitchell ,123
East Lucas , Johnson ,480
East Orange , Sioux ,516
East River , Page ,261
East , Montgomery ,1308
East Waterloo , Black Hawk ,1326
Eden , Benton ,290
Eden , Carroll ,546
Eden , Clinton ,693
Eden , Decatur ,269
Eden , Fayette ,522
Eden , Marshall ,634
Eden , Sac ,201
Eden , Winnebago ,85
Edna , Cass ,96
Eldora city, Hardin ,231
Eldora , Hardin ,2663
Eldorado , Benton ,1152
Elgin , Lyon ,601
Elgin , Plymouth ,392
Eliot , Louisa ,325
Elk Creek , Jasper ,434
Elk River , Clinton ,726
Elk , Buena Vista ,183
Elk , Clayton ,587
Elk , Delaware ,517
Elkhart , Polk ,1783
Elkhorn , Plymouth ,211
Elkhorn , Webster ,690
Ell , Hancock ,652
Ellington , Hancock ,442
Ellington , Palo Alto ,130
Ellis , Hardin ,181
Ellsworth , Emmet ,175
Ellsworth , Hamilton ,561
Elm Grove , Calhoun ,173
Elm Grove , Louisa ,201
Emmet , Emmet ,171
Emmetsburg , Palo Alto ,2726
English River , Keokuk ,535
English River , Washington ,4270
English , Iowa ,1589
English , Lucas ,481
Erin , Hancock ,179
Estherville , Emmet ,6264
Etna , Hardin ,1770
Eureka , Adair ,101
Eureka , Sac ,881
Evansdale city, Black Hawk ,4561
Ewoldt , Carroll ,219
Excelsior , Dickinson ,154
Exira , Audubon ,1129
Fabius , Davis ,173
Fairbank , Buchanan ,1783
Fairfax , Linn ,4163
Fairfield city, Jefferson ,823
Fairfield , Buena Vista ,205
Fairfield , Cedar ,616
Fairfield , Fayette ,540
Fairfield , Grundy ,362
Fairfield , Jackson ,239
Fairfield , Palo Alto ,9416
Fairview , Allamakee ,188
Fairview , Jasper ,2563
Fairview , Jones ,7460
Fairview , Monona ,156
Fairview , Osceola ,294
Fairview , Shelby ,269
Falls , Cerro Gordo ,988
Farmers Creek , Jackson ,435
Farmersburg , Clayton ,550
Farmington , Cedar ,2204
Farmington , Van Buren ,829
Fayette city, Fayette ,197
Fayette , Decatur ,1720
Fayette , Linn ,1256
Felix , Grundy ,184
Fenton , Kossuth ,492
Fern Valley , Palo Alto ,175
Fertile , Worth ,731
Fillmore , Iowa ,705
Fisher , Fremont ,711
Flint River , Des Moines ,2163
Florence , Benton ,1874
Floyd , Floyd ,914
Floyd , O'Brien ,5499
Floyd , Sioux ,1110
Floyd , Woodbury ,836
Forest City , Howard ,716
Forest , Winnebago ,4590
Fort Dodge city, Webster ,24871
Four Mile , Polk ,10411
Fox River , Davis ,408
Fox , Black Hawk ,695
Frankfort , Montgomery ,283
Franklin , Allamakee ,442
Franklin , Appanoose ,283
Franklin , Bremer ,395
Franklin , Cass ,293
Franklin , Clarke ,191
Franklin , Decatur ,352
Franklin , Des Moines ,805
Franklin , Greene ,161
Franklin , Lee ,1330
Franklin , Linn ,7498
Franklin , Marion ,311
Franklin , Monona ,285
Franklin , Monroe ,90
Franklin , O'Brien ,1592
Franklin , Polk ,5443
Franklin , Story ,23447
Franklin , Washington ,477
Frankville , Winneshiek ,438
Fredericksburg , Chickasaw ,932
Frederika , Bremer ,333
Fredonia , Plymouth ,245
Freedom , Hamilton ,263
Freedom , Palo Alto ,1396
Freeman , Clay ,338
Fremont , Benton ,2753
Fremont , Bremer ,1570
Fremont , Buchanan ,271
Fremont , Butler ,272
Fremont , Cedar ,1105
Fremont , Clarke ,480
Fremont , Fayette ,532
Fremont , Hamilton ,134
Fremont , Johnson ,1766
Fremont , Page ,195
Fremont , Winneshiek ,228
French Creek , Allamakee ,219
Fruitland , Muscatine ,2562
Fulton , Muscatine ,834
Fulton , Webster ,424
Galva , Ida ,552
Garden Grove , Decatur ,338
Garden , Boone ,1251
Garfield , Calhoun ,184
Garfield , Clay ,260
Garfield , Hancock ,285
Garfield , Ida ,108
Garfield , Kossuth ,239
Garfield , Lyon ,368
Garfield , Mahaska ,1255
Garfield , Montgomery ,200
Garfield , Plymouth ,1561
Garfield , Pocahontas ,208
Garfield , Sioux ,277
Garnavillo , Clayton ,987
Garner , Pottawattamie ,8642
Gay , Taylor ,90
Geneseo , Cerro Gordo ,1273
Geneseo , Tama ,403
Geneva , Franklin ,264
German , Grundy ,286
German , Kossuth ,161
Giard , Clayton ,388
Gillett Grove , Clay ,319
Gilman , Osceola ,647
Glenwood , Mills ,6282
Glenwood , Winneshiek ,582
Glidden , Carroll ,1469
Goewey , Osceola ,208
Goodrich , Crawford ,325
Goshen , Muscatine ,589
Gower , Cedar ,496
Gowrie , Webster ,1003
Graham , Johnson ,470
Grand Meadow , Cherokee ,160
Grand Meadow , Clayton ,529
Grand River , Adair ,140
Grand River , Decatur ,79
Grand River , Madison ,255
Grand River , Wayne ,326
Grandview , Louisa ,1336
Grange , Woodbury ,224
Grant , Adams ,173
Grant , Boone ,356
Grant , Buena Vista ,311
Grant , Carroll ,471
Grant , Cass ,1133
Grant , Cerro Gordo ,304
Grant , Clinton ,274
Grant , Dallas ,2212
Grant , Franklin ,309
Grant , Greene ,200
Grant , Grundy ,1807
Grant , Guthrie ,188
Grant , Hardin ,233
Grant , Ida ,189
Grant , Kossuth ,113
Grant , Linn ,1266
Grant , Lyon ,219
Grant , Monona ,201
Grant , Montgomery ,294
Grant , O'Brien ,165
Grant , Page ,5325
Grant , Plymouth ,427
Grant , Pocahontas ,139
Grant , Poweshiek ,441
Grant , Ringgold ,130
Grant , Sioux ,618
Grant , Story ,1692
Grant , Tama ,257
Grant , Taylor ,391
Grant , Union ,238
Grant , Winnebago ,135
Grant , Woodbury ,171
Grant , Wright ,1613
Great Oak , Palo Alto ,108
Greeley , Audubon ,156
Greeley , Shelby ,224
Green Bay , Clarke ,249
Green Bay , Lee ,557
Green , Fremont ,258
Green , Wapello ,701
Greenbrier , Greene ,136
Greencastle , Marshall ,1052
Greene , Iowa ,547
Greenfield , Adair ,2178
Greenfield , Calhoun ,199
Greenfield , Jones ,684
Greenfield , Warren ,7259
Greenwood , Kossuth ,817
Griggs , Ida ,1676
Grimes , Cerro Gordo ,751
Grinnell city, Poweshiek ,9564
Grove , Adair ,162
Grove , Cass ,7135
Grove , Davis ,279
Grove , Humboldt ,259
Grove , Pottawattamie ,175
Grove , Shelby ,149
Grove , Taylor ,116
Grove , Worth ,2313
Guilford , Monroe ,256
Hale , Jones ,304
Hamburg city, Fremont ,890
Hamilton , Decatur ,153
Hamilton , Franklin ,157
Hamilton , Hamilton ,196
Hamlin , Audubon ,264
Hampshire , Clinton ,798
Hampton city, Franklin ,4337
Hancock , Plymouth ,344
Hanover , Allamakee ,180
Hanover , Crawford ,159
Hardin , Greene ,149
Hardin , Hardin ,6091
Hardin , Johnson ,539
Hardin , Pottawattamie ,1037
Hardin , Webster ,105
Harlan city, Shelby ,783
Harlan , Fayette ,391
Harlan , Page ,4893
Harrisburg , Van Buren ,345
Harrison , Adair ,178
Harrison , Benton ,385
Harrison , Boone ,448
Harrison , Harrison ,1297
Harrison , Kossuth ,718
Harrison , Lee ,339
Harrison , Mahaska ,653
Harrison , Osceola ,233
Hartford , Iowa ,1255
Hartland , Worth ,253
Hartley , O'Brien ,1782
Hayes , Buena Vista ,1122
Hayes , Crawford ,230
Hayes , Ida ,138
Hazel Dell , Pottawattamie ,1328
Hazel Green , Delaware ,344
Hazleton , Buchanan ,1577
Hebron , Kossuth ,86
Henry , Plymouth ,188
Henry , Van Buren ,177
Herdland , Clay ,167
Hesper , Winneshiek ,378
Hickory Grove , Jasper ,318
Hickory Grove , Scott ,629
High Lake , Emmet ,376
High Point , Decatur ,165
Highland , Clayton ,197
Highland , Greene ,486
Highland , Guthrie ,585
Highland , O'Brien ,259
Highland , Palo Alto ,948
Highland , Tama ,213
Highland , Union ,262
Highland , Wapello ,245
Highland , Washington ,429
Highland , Winneshiek ,323
Hilton , Iowa ,672
Holland , Sioux ,5803
Holt , Taylor ,122
Homer , Benton ,186
Homer , Buchanan ,591
Honey Creek , Delaware ,1018
Honey Creek , Iowa ,303
Horton , Osceola ,146
Howard Center , Howard ,256
Howard , Howard ,456
Howard , Story ,2387
Howard , Tama ,200
Howard , Wayne ,133
Humboldt city, Humboldt ,521
Humboldt , Humboldt ,4792
Hungerford , Plymouth ,1800
Huron , Des Moines ,428
Illyria , Fayette ,478
Independence , Appanoose ,256
Independence , Hamilton ,414
Independence , Jasper ,1572
Independence , Palo Alto ,147
Indian Creek , Mills ,827
Indian Creek , Story ,1553
Indian Village , Tama ,1071
Indiana , Marion ,649
Indianola city, Warren ,15833
Ingham , Franklin ,249
Ingraham , Mills ,509
Inland , Cedar ,718
Iowa City city, Johnson ,74828
Iowa Lake , Emmet ,126
Iowa , Allamakee ,696
Iowa , Benton ,431
Iowa , Cedar ,455
Iowa , Crawford ,222
Iowa , Dubuque ,489
Iowa , Iowa ,755
Iowa , Jackson ,672
Iowa , Washington ,2525
Iowa , Wright ,272
Irvington , Kossuth ,228
Jack Creek , Emmet ,101
Jackson , Adair ,270
Jackson , Benton ,599
Jackson , Boone ,968
Jackson , Bremer ,1634
Jackson , Butler ,628
Jackson , Calhoun ,195
Jackson , Clarke ,367
Jackson , Crawford ,138
Jackson , Des Moines ,123
Jackson , Greene ,216
Jackson , Guthrie ,290
Jackson , Hardin ,206
Jackson , Harrison ,493
Jackson , Henry ,486
Jackson , Jackson ,414
Jackson , Jones ,433
Jackson , Keokuk ,476
Jackson , Lee ,1646
Jackson , Linn ,1569
Jackson , Lucas ,374
Jackson , Madison ,270
Jackson , Monroe ,320
Jackson , Poweshiek ,1776
Jackson , Sac ,2247
Jackson , Shelby ,240
Jackson , Taylor ,57
Jackson , Van Buren ,994
Jackson , Warren ,916
Jackson , Washington ,505
Jackson , Wayne ,213
Jackson , Webster ,313
Jackson , Winneshiek ,241
Jacksonville , Chickasaw ,450
James , Pottawattamie ,196
Jamestown , Howard ,609
Jasper , Adams ,383
Jasper , Carroll ,277
Jefferson city, Greene ,130
Jefferson , Adair ,574
Jefferson , Allamakee ,3379
Jefferson , Bremer ,820
Jefferson , Buchanan ,285
Jefferson , Butler ,2478
Jefferson , Clayton ,1330
Jefferson , Dubuque ,6346
Jefferson , Fayette ,1850
Jefferson , Harrison ,1438
Jefferson , Henry ,4264
Jefferson , Johnson ,1381
Jefferson , Lee ,211
Jefferson , Louisa ,539
Jefferson , Madison ,328
Jefferson , Mahaska ,775
Jefferson , Marshall ,14265
Jefferson , Polk ,255
Jefferson , Poweshiek ,146
Jefferson , Ringgold ,473
Jefferson , Shelby ,192
Jefferson , Taylor ,1812
Jefferson , Warren ,110
Jefferson , Wayne ,4182
Jenkins , Mitchell ,866
Johns , Appanoose ,275
Johnson , Plymouth ,247
Johnson , Webster ,424
Jones , Union ,218
Jordan , Monona ,168
Julien , Dubuque ,0
Junction , Greene ,983
Kane , Benton ,839
Kane , Pottawattamie ,52682
Kedron , Woodbury ,696
Keg Creek , Pottawattamie ,902
Kellogg , Jasper ,1105
Kendrick , Greene ,205
Kennebec , Monona ,264
Kensett , Worth ,454
Keokuk city, Lee ,798
Keokuk , Wapello ,9900
King , Winnebago ,641
Kniest , Carroll ,427
Knox , Clarke ,255
Knox , Pottawattamie ,1865
Knoxville , Marion ,10437
La Grange , Harrison ,534
Lafayette , Allamakee ,395
Lafayette , Bremer ,645
Lafayette , Keokuk ,1242
Lafayette , Story ,3280
Lake City city, Calhoun ,1731
Lake Creek , Calhoun ,125
Lake Prairie , Marion ,12787
Lake , Cerro Gordo ,306
Lake , Clay ,192
Lake , Humboldt ,237
Lake , Monona ,182
Lake , Muscatine ,499
Lake , Pocahontas ,262
Lake , Pottawattamie ,1062
Lake , Wright ,294
Lakeport , Woodbury ,160
Lakeville , Dickinson ,1291
Lamoni city, Decatur ,1969
Lansing , Allamakee ,1378
Larchwood , Lyon ,1537
Layton , Pottawattamie ,900
Le Claire , Scott ,6304
Le Grand , Marshall ,1576
Le Roy , Bremer ,180
Ledyard , Kossuth ,507
Lee , Adair ,193
Lee , Buena Vista ,188
Lee , Franklin ,165
Lee , Madison ,1074
Lee , Polk ,63903
Lenox , Iowa ,1818
Leon city, Decatur ,1822
Leroy , Audubon ,2349
Leroy , Benton ,1172
Lester , Black Hawk ,1456
Levey , Sac ,759
Lewis , Pottawattamie ,12766
Liberal , Lyon ,387
Liberty , Buchanan ,1274
Liberty , Cherokee ,211
Liberty , Clarke ,376
Liberty , Clinton ,304
Liberty , Dubuque ,567
Liberty , Hamilton ,198
Liberty , Hancock ,216
Liberty , Jefferson ,679
Liberty , Johnson ,1268
Liberty , Keokuk ,351
Liberty , Lucas ,284
Liberty , Marion ,891
Liberty , Marshall ,284
Liberty , Mitchell ,216
Liberty , O'Brien ,342
Liberty , Plymouth ,349
Liberty , Ringgold ,119
Liberty , Scott ,656
Liberty , Warren ,459
Liberty , Woodbury ,967
Liberty , Wright ,667
Lick Creek , Davis ,828
Lick Creek , Van Buren ,435
Lime Creek , Cerro Gordo ,473
Lime Creek , Washington ,2316
Lincoln , Adair ,927
Lincoln , Adams ,57
Lincoln , Appanoose ,182
Lincoln , Audubon ,281
Lincoln , Black Hawk ,346
Lincoln , Buena Vista ,163
Lincoln , Calhoun ,1931
Lincoln , Cass ,155
Lincoln , Cerro Gordo ,263
Lincoln , Clay ,231
Lincoln , Dallas ,244
Lincoln , Emmet ,189
Lincoln , Grundy ,249
Lincoln , Hamilton ,703
Lincoln , Harrison ,144
Lincoln , Iowa ,255
Lincoln , Johnson ,227
Lincoln , Kossuth ,116
Lincoln , Lucas ,481
Lincoln , Madison ,587
Lincoln , Mahaska ,334
Lincoln , Monona ,304
Lincoln , Montgomery ,135
Lincoln , O'Brien ,195
Lincoln , Page ,254
Lincoln , Plymouth ,275
Lincoln , Pocahontas ,136
Lincoln , Polk ,1352
Lincoln , Pottawattamie ,153
Lincoln , Poweshiek ,272
Lincoln , Ringgold ,142
Lincoln , Scott ,498
Lincoln , Shelby ,406
Lincoln , Sioux ,2953
Lincoln , Story ,733
Lincoln , Tama ,343
Lincoln , Union ,359
Lincoln , Warren ,2455
Lincoln , Winnebago ,318
Lincoln , Winneshiek ,626
Lincoln , Worth ,1577
Lincoln , Wright ,1309
Linden , Winnebago ,136
Linn , Cedar ,177
Linn , Dallas ,528
Linn , Linn ,823
Linn , Warren ,11060
Linton , Allamakee ,251
Liscomb , Marshall ,294
Liston , Woodbury ,480
Little Sioux , Harrison ,315
Little Sioux , Woodbury ,396
Lizard , Pocahontas ,177
Lloyd , Dickinson ,533
Lockridge , Jefferson ,627
Locust Grove , Fremont ,167
Locust Grove , Jefferson ,716
Lodomillo , Clayton ,686
Logan , Calhoun ,118
Logan , Clay ,144
Logan , Ida ,195
Logan , Lyon ,338
Logan , Marshall ,1111
Logan , Sioux ,742
Logan , Winnebago ,223
Lone Tree , Clay ,772
Long Creek , Decatur ,327
Lost Grove , Webster ,588
Lost Island , Palo Alto ,197
Lotts Creek , Kossuth ,175
Lotts Creek , Ringgold ,74
Lovell , Jones ,5120
Lu Verne , Kossuth ,309
Ludlow , Allamakee ,586
Lynn Grove , Jasper ,1720
Lynn , Sioux ,297
Lyon , Hamilton ,1481
Lyon , Lyon ,255
Lyons , Mills ,285
Macedonia , Pottawattamie ,419
Madison , Buchanan ,667
Madison , Butler ,282
Madison , Clarke ,130
Madison , Fremont ,123
Madison , Hancock ,725
Madison , Johnson ,5200
Madison , Jones ,512
Madison , Lee ,9704
Madison , Madison ,1442
Madison , Mahaska ,375
Madison , Polk ,5572
Madison , Poweshiek ,648
Madison , Winneshiek ,380
Magnolia , Harrison ,680
Magor , Hancock ,313
Maine , Linn ,1711
Makee , Allamakee ,4077
Malaka , Jasper ,328
Malcom , Poweshiek ,550
Mallory , Clayton ,345
Malvern city, Mills ,1046
Manning city, Carroll ,1455
Mantua , Monroe ,456
Maple River , Carroll ,469
Maple , Ida ,905
Maple , Monona ,870
Maple Valley , Buena Vista ,215
Maquoketa , Jackson ,2958
Marcus , Cherokee ,705
Marcy , Boone ,1250
Marengo , Iowa ,2439
Marietta , Marshall ,326
Marion , Clayton ,356
Marion , Davis ,220
Marion , Franklin ,941
Marion , Hamilton ,911
Marion , Henry ,350
Marion , Lee ,464
Marion , Linn ,44872
Marion , Marshall ,787
Marion , Plymouth ,590
Marion , Washington ,610
Mariposa , Jasper ,211
Marshall , Louisa ,168
Marshall , Pocahontas ,158
Marshall , Taylor ,173
Mason City city, Cerro Gordo ,27338
Mason , Cerro Gordo ,335
Mason , Taylor ,172
Massena , Cass ,539
Massillon , Cedar ,266
Maxfield , Bremer ,1315
Meadow , Clay ,277
Meadow , Plymouth ,242
Mediapolis city, Des Moines ,1688
Melrose , Grundy ,180
Melville , Audubon ,111
Mendon , Clayton ,1678
Mercer , Adams ,143
Middle Fork , Ringgold ,162
Middlefield , Buchanan ,260
Middletown city, Des Moines ,363
Midland , Lyon ,105
Milford , Crawford ,406
Milford , Dickinson ,1132
Milford , Story ,553
Military , Winneshiek ,1235
Miller , Woodbury ,200
Millville , Clayton ,495
Milo , Delaware ,1310
Minden , Pottawattamie ,998
Minerva , Marshall ,456
Mitchell , Mitchell ,358
Monmouth , Jackson ,538
Monona , Clayton ,2154
Monroe , Benton ,239
Monroe , Butler ,1653
Monroe , Fremont ,196
Monroe , Johnson ,553
Monroe , Linn ,13215
Monroe , Madison ,411
Monroe , Mahaska ,233
Monroe , Monroe ,411
Monroe , Ringgold ,108
Monroe , Shelby ,219
Monroe , Wayne ,364
Montpelier , Muscatine ,867
Montrose , Lee ,1622
Morgan , Crawford ,203
Morgan , Decatur ,90
Morgan , Franklin ,235
Morgan , Harrison ,421
Morgan , Woodbury ,148
Morning Sun , Louisa ,1211
Morton , Page ,163
Mosalem , Dubuque ,1871
Moscow , Muscatine ,761
Mott , Franklin ,449
Mound Prairie , Jasper ,646
Mount Ayr city, Ringgold ,1623
Mount Pleasant city, Henry ,9274
Mount Valley , Winnebago ,536
Mount Vernon , Black Hawk ,1089
Mount Vernon , Cerro Gordo ,273
Moville , Woodbury ,341
Nassau , Sioux ,2517
Nebraska , Page ,122
Neola , Pottawattamie ,1240
Nevada , Palo Alto ,86
Nevada , Story ,6775
New Albany , Story ,1210
New Buda , Decatur ,255
New Hampton , Chickasaw ,2735
New Hope , Union ,654
New London , Henry ,2424
New Oregon , Howard ,690
New Wine , Dubuque ,4901
Newark , Webster ,252
Newburg , Mitchell ,346
Newell , Buena Vista ,1127
Newport , Johnson ,2200
Newton , Buchanan ,353
Newton , Carroll ,416
Newton , Jasper ,15929
Newton , Winnebago ,212
Niles , Floyd ,518
Nishnabotny , Crawford ,1000
Noble , Cass ,319
Nodaway , Adams ,183
Nodaway , Page ,5974
Nodaway , Taylor ,101
Nokomis , Buena Vista ,2384
North Fork , Delaware ,430
Norwalk , Pottawattamie ,1505
Norway , Humboldt ,344
Norway , Winnebago ,281
Norway , Wright ,118
Oak Dale , Howard ,145
Oak , Mills ,2711
Oakfield , Audubon ,283
Oakland , Franklin ,207
Oakland , Louisa ,313
Ocheyedan , Osceola ,614
Ohio , Madison ,971
Okoboji , Dickinson ,2287
Olive , Clinton ,721
Omega , O'Brien ,189
Onawa city, Monona ,2906
Oneida , Delaware ,1403
Oneida , Tama ,424
Oran , Fayette ,831
Orange , Black Hawk ,338
Orange , Clinton ,1095
Orange , Guthrie ,131
Oregon , Washington ,890
Orient , Adair ,504
Orleans , Winneshiek ,248
Orono , Muscatine ,492
Orthel , Hancock ,191
Osage , Mitchell ,3947
Osceola city, Clarke ,386
Osceola , Clarke ,256
Osceola , Franklin ,5415
Oskaloosa city, Mahaska ,11558
Otho , Webster ,772
Oto , Woodbury ,228
Otranto , Mitchell ,303
Otter Creek , Crawford ,1237
Otter Creek , Jackson ,660
Otter Creek , Linn ,1476
Otter Creek , Lucas ,240
Otter Creek , Tama ,251
Otter , Warren ,1037
Owen , Cerro Gordo ,268
Oxford , Johnson ,1512
Oxford , Jones ,636
Paint Creek , Allamakee ,503
Palermo , Grundy ,3059
Palestine , Story ,6727
Palmyra , Warren ,626
Palo Alto , Jasper ,3889
Paradise , Crawford ,222
Paris , Howard ,295
Paton , Greene ,350
Penn , Guthrie ,527
Penn , Jefferson ,371
Penn , Johnson ,29189
Penn , Madison ,678
Peoples , Boone ,349
Perry , Buchanan ,3076
Perry , Davis ,355
Perry , Jackson ,763
Perry , Plymouth ,1180
Perry , Tama ,1855
Peru , Dubuque ,1652
Peterson , Clay ,486
Pierce , Page ,918
Pike , Muscatine ,735
Pilot Grove , Montgomery ,149
Pilot Mound , Boone ,311
Pilot , Cherokee ,235
Pilot , Iowa ,482
Pioneer , Cedar ,1549
Pitcher , Cherokee ,1154
Pittsford , Butler ,859
Plank , Keokuk ,351
Plato , Sioux ,466
Platte , Taylor ,1505
Platte , Union ,237
Plattville , Mills ,309
Pleasant Grove , Des Moines ,442
Pleasant Grove , Floyd ,243
Pleasant Grove , Mahaska ,291
Pleasant Grove , Marion ,2784
Pleasant Ridge , Lee ,350
Pleasant , Appanoose ,670
Pleasant , Cass ,1141
Pleasant , Hardin ,241
Pleasant , Lucas ,242
Pleasant , Monroe ,274
Pleasant , Pottawattamie ,232
Pleasant , Poweshiek ,246
Pleasant , Union ,123
Pleasant , Wapello ,239
Pleasant , Winneshiek ,469
Pleasant , Wright ,2525
Pleasant Valley , Carroll ,349
Pleasant Valley , Cerro Gordo ,379
Pleasant Valley , Fayette ,942
Pleasant Valley , Grundy ,277
Pleasant Valley , Johnson ,261
Pleasant Valley , Scott ,40886
Pleasant Valley , Webster ,774
Plum Creek , Kossuth ,287
Plymouth , Plymouth ,1028
Poe , Ringgold ,148
Poland , Buena Vista ,393
Polk , Benton ,2361
Polk , Bremer ,876
Polk , Jefferson ,445
Polk , Shelby ,136
Polk , Taylor ,110
Polk , Wapello ,570
Port Louisa , Louisa ,682
Portland , Cerro Gordo ,311
Portland , Kossuth ,181
Portland , Plymouth ,1851
Post , Allamakee ,2502
Poweshiek , Jasper ,1143
Powhatan , Pocahontas ,161
Poyner , Black Hawk ,2675
Prairie Creek , Dubuque ,595
Prairie Springs , Jackson ,548
Prairie , Davis ,395
Prairie , Delaware ,273
Prairie , Fremont ,132
Prairie , Keokuk ,288
Prairie , Kossuth ,167
Prairie , Mahaska ,1618
Prescott , Adams ,354
Preston , Plymouth ,302
Princeton , Scott ,1387
Providence , Buena Vista ,270
Providence , Hardin ,426
Prussia , Adair ,162
Putnam , Fayette ,238
Putnam , Linn ,2986
Pymosa , Cass ,295
Quincy , Adams ,1687
Raglan , Harrison ,275
Ramsey , Kossuth ,161
Rawles , Mills ,580
Read , Clayton ,230
Reading , Calhoun ,522
Reading , Sioux ,855
Red Oak , Cedar ,197
Red Oak , Montgomery ,5962
Red Rock , Marion ,636
Reeve , Franklin ,271
Remsen , Plymouth ,1746
Rice , Ringgold ,158
Richland , Adair ,185
Richland , Carroll ,177
Richland , Chickasaw ,263
Richland , Decatur ,350
Richland , Delaware ,548
Richland , Dickinson ,188
Richland , Franklin ,191
Richland , Guthrie ,458
Richland , Jackson ,423
Richland , Jasper ,374
Richland , Jones ,787
Richland , Keokuk ,789
Richland , Lyon ,1268
Richland , Mahaska ,535
Richland , Sac ,1164
Richland , Story ,334
Richland , Tama ,163
Richland , Wapello ,857
Richland , Warren ,1168
Richman , Wayne ,546
Riley , Ringgold ,84
Ripley , Butler ,217
Riverdale , Kossuth ,231
Riverside , Fremont ,352
Riverside , Lyon ,396
Riverton , Clay ,271
Riverton , Floyd ,377
Riverton , Fremont ,319
Rochester , Cedar ,654
Rock Creek , Jasper ,965
Rock Grove , Floyd ,1684
Rock , Cherokee ,173
Rock , Lyon ,2711
Rock , Mitchell ,289
Rock , Sioux ,4630
Rock , Woodbury ,655
Rockford , Floyd ,1174
Rockford , Pottawattamie ,545
Roland , Webster ,576
Rolfe city, Pocahontas ,509
Rome , Jones ,1119
Roosevelt , Pocahontas ,97
Roscoe , Davis ,268
Rose Grove , Hamilton ,143
Roselle , Carroll ,603
Ross , Franklin ,261
Ross , Taylor ,176
Round Prairie , Jefferson ,299
Rudd , Floyd ,583
Rush Lake , Palo Alto ,412
Rutland , Humboldt ,363
Rutland , Woodbury ,590
Sac , Sac ,509
Salem , Henry ,946
Salt Creek , Davis ,258
Salt Creek , Tama ,454
Sand Creek , Union ,199
Saratoga , Howard ,245
Saylor , Polk ,6287
Saylorville Reservoir UT, Polk ,168
Scotch Grove , Jones ,433
Scott , Buena Vista ,246
Scott , Fayette ,224
Scott , Floyd ,183
Scott , Franklin ,334
Scott , Fremont ,340
Scott , Hamilton ,263
Scott , Henry ,1262
Scott , Johnson ,2175
Scott , Madison ,740
Scott , Mahaska ,377
Scott , Montgomery ,883
Scott , Poweshiek ,228
Scranton , Greene ,640
Seely , Guthrie ,202
Seneca , Kossuth ,132
Settlers , Sioux ,108
Seventy-Six , Muscatine ,350
Seventy-Six , Washington ,266
Sharon , Appanoose ,183
Sharon , Audubon ,498
Sharon , Clinton ,687
Sharon , Johnson ,1349
Sheffield city, Franklin ,1130
Shelby , Shelby ,1016
Shell Rock , Butler ,1625
Shellsburg city, Benton ,961
Sheridan , Carroll ,386
Sheridan , Cherokee ,668
Sheridan , Poweshiek ,213
Sheridan , Scott ,7194
Sheridan , Sioux ,1051
Sherman , Calhoun ,401
Sherman , Hardin ,768
Sherman , Jasper ,451
Sherman , Kossuth ,156
Sherman , Monona ,340
Sherman , Montgomery ,531
Sherman , Pocahontas ,121
Sherman , Sioux ,606
Sherman , Story ,189
Shiloh , Grundy ,963
Sidney , Fremont ,1636
Sigourney , Keokuk ,2191
Silver Creek , Ida ,117
Silver Creek , Mills ,239
Silver Creek , Pottawattamie ,1035
Silver Lake , Dickinson ,1265
Silver Lake , Palo Alto ,266
Silver Lake , Worth ,186
Silver , Cherokee ,165
Sioux City city, Plymouth ,6
Sioux City city, Woodbury ,85791
Sioux Rapids city, Buena Vista ,748
Sioux , Clay ,301
Sioux , Lyon ,327
Sioux , Monona ,73
Sioux , Plymouth ,272
Sioux , Sioux ,356
Sloan , Woodbury ,1164
Smithfield , Fayette ,200
Soap Creek , Davis ,627
Soldier , Crawford ,253
Soldier , Monona ,312
South Fork , Delaware ,1031
South Fork , Jackson ,4655
South Fork , Wayne ,319
South , Madison ,1495
Spaulding , Union ,252
Spencer city, Clay ,11325
Sperry , Clayton ,437
Spirit Lake , Dickinson ,1301
Spring Creek , Black Hawk ,330
Spring Creek , Mahaska ,1529
Spring Creek , Tama ,1128
Spring Grove , Linn ,809
Spring Rock , Clinton ,1171
Spring , Cherokee ,117
Spring Valley , Dallas ,8375
Spring Valley , Monona ,365
Springdale , Cedar ,3149
Springfield , Cedar ,1148
Springfield , Kossuth ,83
Springfield , Winneshiek ,384
Squaw , Warren ,737
St. Ansgar , Mitchell ,1450
St. Charles , Floyd ,1308
St. Clair , Benton ,366
St. Clair , Monona ,438
St. John , Harrison ,3915
St. Marys , Mills ,98
Stacyville , Mitchell ,715
Stanton , Plymouth ,358
Stapleton , Chickasaw ,687
State Center , Marshall ,1866
Steady Run , Keokuk ,271
Stockholm , Crawford ,172
Storm Lake city, Buena Vista ,11269
Stuart , Guthrie ,1173
Sugar Creek , Cedar ,509
Sugar Creek , Poweshiek ,413
Sugar Grove , Dallas ,1029
Summerset , Adair ,951
Summit , Adair ,978
Summit , Clay ,463
Summit , Marion ,1509
Summit , O'Brien ,624
Sumner city, Bremer ,310
Sumner city, Fayette ,3335
Sumner No. 2 , Bremer ,399
Sumner , Buchanan ,334
Sumner , Iowa ,310
Sumner , Webster ,2021
Sumner , Winneshiek ,9
Superior , Dickinson ,288
Swan Lake , Emmet ,108
Swan Lake , Pocahontas ,1445
Swea , Kossuth ,113
Sweetland , Muscatine ,2673
Table Mound , Dubuque ,3554
Tabor city, Fremont ,928
Tama , Des Moines ,945
Tama , Tama ,3344
Tarkio , Page ,213
Taylor , Allamakee ,572
Taylor , Appanoose ,853
Taylor , Benton ,857
Taylor , Dubuque ,4225
Taylor , Harrison ,486
Taylor , Marshall ,18431
Tete Des Morts , Jackson ,1013
Thompson , Guthrie ,586
Tilden , Cherokee ,167
Timber Creek , Marshall ,11171
Tingley , Ringgold ,259
Tippecanoe , Henry ,908
Tipton , Hardin ,1100
Toledo , Tama ,3225
Trenton , Henry ,442
Troy , Clarke ,1032
Troy , Iowa ,3771
Troy , Monroe ,4316
Troy , Wright ,190
Twelve Mile Lake , Emmet ,158
Twin Lake , Hancock ,161
Twin Lakes , Calhoun ,1358
Udell , Appanoose ,360
Ulster , Floyd ,312
Union City , Allamakee ,213
Union Prairie , Allamakee ,662
Union , Adair ,145
Union , Adams ,133
Union , Appanoose ,163
Union , Benton ,1015
Union , Black Hawk ,941
Union , Boone ,461
Union , Calhoun ,479
Union , Carroll ,1481
Union , Cass ,440
Union , Cerro Gordo ,150
Union , Crawford ,743
Union , Dallas ,2070
Union , Davis ,329
Union , Delaware ,418
Union , Des Moines ,848
Union , Fayette ,350
Union , Floyd ,582
Union , Guthrie ,100
Union , Hardin ,782
Union , Harrison ,316
Union , Jackson ,698
Union , Johnson ,688
Union , Kossuth ,233
Union , Louisa ,227
Union , Lucas ,300
Union , Madison ,823
Union , Mahaska ,267
Union , Marion ,408
Union , Mitchell ,279
Union , Monroe ,733
Union , O'Brien ,1179
Union , Plymouth ,207
Union , Polk ,346
Union , Poweshiek ,725
Union , Ringgold ,305
Union , Shelby ,643
Union , Story ,1332
Union , Union ,1193
Union , Van Buren ,612
Union , Warren ,547
Union , Wayne ,224
Union , Woodbury ,705
Union , Worth ,504
Urbana , Monroe ,229
Utica , Chickasaw ,428
Valley , Guthrie ,1813
Valley , Page ,223
Valley , Pottawattamie ,356
Van Buren , Jackson ,1455
Van Buren , Keokuk ,307
Van Buren , Lee ,353
Van Buren , Van Buren ,1380
Van Meter , Dallas ,4152
Vermillion , Appanoose ,688
Vernon Springs , Howard ,4571
Vernon , Dubuque ,4052
Vernon , Humboldt ,371
Vernon , Palo Alto ,88
Vernon , Van Buren ,197
Vernon , Wright ,95
Victoria , Cass ,132
Victory , Guthrie ,739
Vienna , Marshall ,283
Village , Van Buren ,588
Vinton city, Benton ,4938
Viola , Audubon ,139
Viola , Osceola ,149
Viola , Sac ,538
Virginia , Warren ,1093
Volga , Clayton ,451
Wacousta , Humboldt ,182
Wagner , Clayton ,411
Wall Lake , Sac ,1280
Wall Lake , Wright ,107
Walnut , Adair ,190
Walnut , Appanoose ,715
Walnut , Dallas ,36114
Walnut , Fremont ,125
Walnut , Jefferson ,282
Walnut , Madison ,382
Walnut , Palo Alto ,1064
Walnut , Polk ,67545
Walnut , Wayne ,1039
Wapello , Louisa ,2684
Wapsinonoc , Muscatine ,4674
Ward , Clarke ,305
Warren , Bremer ,571
Warren , Keokuk ,407
Warren , Lucas ,247
Warren , Poweshiek ,378
Warren , Story ,598
Warren , Wayne ,611
Washington , Adair ,102
Washington , Adams ,134
Washington , Appanoose ,728
Washington , Black Hawk ,676
Washington , Bremer ,656
Washington , Buchanan ,4249
Washington , Buena Vista ,516
Washington , Butler ,326
Washington , Carroll ,259
Washington , Cass ,215
Washington , Chickasaw ,852
Washington , Clarke ,265
Washington , Clinton ,329
Washington , Crawford ,219
Washington , Dallas ,332
Washington , Des Moines ,269
Washington , Dubuque ,452
Washington , Fremont ,267
Washington , Greene ,417
Washington , Grundy ,301
Washington , Harrison ,651
Washington , Iowa ,965
Washington , Jackson ,312
Washington , Jasper ,2789
Washington , Johnson ,1223
Washington , Jones ,436
Washington , Keokuk ,887
Washington , Lee ,1793
Washington , Linn ,3449
Washington , Lucas ,634
Washington , Marion ,507
Washington , Marshall ,553
Washington , Montgomery ,180
Washington , Page ,195
Washington , Plymouth ,476
Washington , Polk ,443
Washington , Pottawattamie ,417
Washington , Poweshiek ,420
Washington , Ringgold ,514
Washington , Shelby ,489
Washington , Sioux ,164
Washington , Story ,46924
Washington , Taylor ,298
Washington , Van Buren ,188
Washington , Wapello ,1214
Washington , Washington ,8036
Washington , Wayne ,223
Washington , Webster ,681
Washington , Winneshiek ,875
Waterford , Clay ,155
Waterford , Clinton ,673
Waterloo city, Black Hawk ,299
Waterloo , Allamakee ,67314
Waterman , O'Brien ,734
Waubonsie , Ringgold ,74
Waveland , Pottawattamie ,175
Waverly city, Bremer ,10394
Wayne , Henry ,595
Wayne , Jones ,634
Wayne , Mitchell ,298
Wayne , Monroe ,101
Weaver , Humboldt ,414
Webster City city, Hamilton ,7825
Webster , Hamilton ,268
Webster , Madison ,240
Webster , Polk ,62764
Webster , Webster ,186
Welcome , Sioux ,1932
Wells , Appanoose ,250
Welton , Clinton ,489
Wesley , Kossuth ,531
West Bend , Palo Alto ,925
West Branch , Sioux ,7535
West Burlington city, Des Moines ,3197
West Des Moines , Mahaska ,155
West Fork , Franklin ,125
West Fork , Monona ,279
West Fork , Woodbury ,337
West Grove , Davis ,715
West Holman , Osceola ,2074
West Lancaster , Keokuk ,222
West Lincoln , Mitchell ,257
West Lucas , Johnson ,10388
West Point , Butler ,1330
West Point , Lee ,1642
West Side , Crawford ,856
West , Montgomery ,162
West Union city, Fayette ,2490
Westburg , Buchanan ,563
Westfield , Fayette ,304
Westfield , Plymouth ,355
Westphalia , Shelby ,597
Westport , Dickinson ,135
Wheatland , Carroll ,669
Wheeler , Lyon ,1128
Wheeler , Sac ,184
White Breast , Warren ,721
White Cloud , Mills ,141
White Oak , Mahaska ,457
White Oak , Warren ,1057
Whitebreast , Lucas ,480
Whitewater , Dubuque ,1540
Whittemore , Kossuth ,762
Williams , Calhoun ,143
Williams , Hamilton ,422
Willow , Cherokee ,599
Willow , Crawford ,99
Willow , Greene ,134
Willow , Monona ,75
Willow , Woodbury ,448
Wilson , Osceola ,166
Wilton , Muscatine ,3407
Windsor , Fayette ,727
Winfield , Scott ,1727
Winterset city, Madison ,5353
Wisner , Franklin ,138
Wolf Creek , Woodbury ,232
Woodbury , Woodbury ,6714
Woodland , Decatur ,123
Woolstock , Wright ,308
Worth , Boone ,838
Wright , Pottawattamie ,189
Wright , Wayne ,198
Wyacondah , Davis ,360
Wyoming , Jones ,863
Yell , Boone ,2235
Yell , Webster ,67
Yellow Springs , Des Moines ,543
York , Iowa ,488
York , Pottawattamie ,308
York , Tama ,492
